1,129819872,img1.jpg,"Hello all1"
2,129819872,img1.jpg,"Hello all2"
3,129819872,img1.jpg,"Hello all3"
4,129819872,img1.jpg,"Hello all4"
5,129819872,img1.jpg,"Hello all5"
6,129819872,img1.jpg,"Hello all6"
7,129819872,img1.jpg,"Hello all7"
8,129819872,img1.jpg,"Hello all8"
9,129819872,img1.jpg,"Hello all9"
10,129819872,img1.jpg,"Hello all10"
11,129819872,img1.jpg,"Hello all1"
12,129819872,img1.jpg,"Hello all2"
13,129819872,img1.jpg,"Hello all3"
14,129819872,img1.jpg,"Hello all4"
15,129819872,img1.jpg,"Hello all5"
16,129819872,img1.jpg,"Hello all6"
17,129819872,img1.jpg,"Hello all7"
18,129819872,img1.jpg,"Hello all8"
19,129819872,img1.jpg,"Hello all9"
20,129819872,img1.jpg,"Hello all10"
